"Fold","Threshold","AUC","PCC","Kappa","Sensitivity","Specificity"
1,0.240032162972698,0.748888888888889,0.661764705882353,0.350498338870432,0.888888888888889,0.58
2,0.189048990057028,0.746666666666666,0.661764705882353,0.350498338870432,0.888888888888889,0.58
3,0.367601477818398,0.728888888888888,0.779411764705882,0.423076923076923,0.555555555555556,0.86
4,0.163212797720955,0.714285714285714,0.590909090909091,0.295652173913044,1,0.448979591836735
5,0.26460473475198,0.794717887154862,0.772727272727273,0.476190476190476,0.764705882352941,0.775510204081633
