"Fold","Threshold","AUC","PCC","Kappa","Sensitivity","Specificity"
1,0.00712048527026878,0.529,0.327272727272727,0.0400943396226415,0.9,0.27
2,0.274911253558158,0.897,0.945454545454545,0.67,0.7,0.97
3,0.0736318884815022,0.902020202020202,0.770642201834862,0.323317606158431,0.9,0.757575757575758
4,0.152325248093843,0.873737373737373,0.862385321100917,0.478801402613963,0.9,0.858585858585859
5,0.0758881279486732,0.768686868686868,0.697247706422018,0.211357158517869,0.8,0.686868686868687
