"Fold","Threshold","AUC","PCC","Kappa","Sensitivity","Specificity"
1,0.0619454112637108,0.74,0.709090909090909,0.188940092165899,0.7,0.71
2,0.209119624219925,0.882,0.927272727272727,0.596330275229358,0.7,0.95
3,0.0781738570753252,0.905050505050505,0.807339449541284,0.376464178697902,0.9,0.797979797979798
4,0.126209733615854,0.787878787878787,0.844036697247706,0.373774923960798,0.7,0.858585858585859
5,0.159480136950765,0.737373737373737,0.871559633027523,0.346746575342466,0.5,0.909090909090909
